industry,base,style,keyword
互联网,简历模板,可编辑,互联网简历模板可编辑
互联网,简历模板,Word版,互联网简历模板Word版
互联网,简历模板,PDF版,互联网简历模板PDF版
互联网,简历模板,一页式,互联网简历模板一页式
互联网,简历模板,ATS友好,互联网简历模板ATS友好
产品经理,简历模板,可编辑,产品经理简历模板可编辑
产品经理,简历模板,Word版,产品经理简历模板Word版
产品经理,简历模板,PDF版,产品经理简历模板PDF版
产品经理,简历模板,一页式,产品经理简历模板一页式
产品经理,简历模板,ATS友好,产品经理简历模板ATS友好
UI设计,简历模板,可编辑,UI设计简历模板可编辑
UI设计,简历模板,Word版,UI设计简历模板Word版
UI设计,简历模板,PDF版,UI设计简历模板PDF版
UI设计,简历模板,一页式,UI设计简历模板一页式
UI设计,简历模板,ATS友好,UI设计简历模板ATS友好
前端开发,简历模板,可编辑,前端开发简历模板可编辑
前端开发,简历模板,Word版,前端开发简历模板Word版
前端开发,简历模板,PDF版,前端开发简历模板PDF版
前端开发,简历模板,一页式,前端开发简历模板一页式
前端开发,简历模板,ATS友好,前端开发简历模板ATS友好
后端开发,简历模板,可编辑,后端开发简历模板可编辑
后端开发,简历模板,Word版,后端开发简历模板Word版
后端开发,简历模板,PDF版,后端开发简历模板PDF版
后端开发,简历模板,一页式,后端开发简历模板一页式
后端开发,简历模板,ATS友好,后端开发简历模板ATS友好
数据分析,简历模板,可编辑,数据分析简历模板可编辑
数据分析,简历模板,Word版,数据分析简历模板Word版
数据分析,简历模板,PDF版,数据分析简历模板PDF版
数据分析,简历模板,一页式,数据分析简历模板一页式
数据分析,简历模板,ATS友好,数据分析简历模板ATS友好
新媒体运营,简历模板,可编辑,新媒体运营简历模板可编辑
新媒体运营,简历模板,Word版,新媒体运营简历模板Word版
新媒体运营,简历模板,PDF版,新媒体运营简历模板PDF版
新媒体运营,简历模板,一页式,新媒体运营简历模板一页式
新媒体运营,简历模板,ATS友好,新媒体运营简历模板ATS友好
市场营销,简历模板,可编辑,市场营销简历模板可编辑
市场营销,简历模板,Word版,市场营销简历模板Word版
市场营销,简历模板,PDF版,市场营销简历模板PDF版
市场营销,简历模板,一页式,市场营销简历模板一页式
市场营销,简历模板,ATS友好,市场营销简历模板ATS友好
电商运营,简历模板,可编辑,电商运营简历模板可编辑
电商运营,简历模板,Word版,电商运营简历模板Word版
电商运营,简历模板,PDF版,电商运营简历模板PDF版
电商运营,简历模板,一页式,电商运营简历模板一页式
电商运营,简历模板,ATS友好,电商运营简历模板ATS友好
人力资源,简历模板,可编辑,人力资源简历模板可编辑
人力资源,简历模板,Word版,人力资源简历模板Word版
人力资源,简历模板,PDF版,人力资源简历模板PDF版
人力资源,简历模板,一页式,人力资源简历模板一页式
人力资源,简历模板,ATS友好,人力资源简历模板ATS友好
财务会计,简历模板,可编辑,财务会计简历模板可编辑
财务会计,简历模板,Word版,财务会计简历模板Word版
财务会计,简历模板,PDF版,财务会计简历模板PDF版
财务会计,简历模板,一页式,财务会计简历模板一页式
财务会计,简历模板,ATS友好,财务会计简历模板ATS友好
行政文员,简历模板,可编辑,行政文员简历模板可编辑
行政文员,简历模板,Word版,行政文员简历模板Word版
行政文员,简历模板,PDF版,行政文员简历模板PDF版
行政文员,简历模板,一页式,行政文员简历模板一页式
行政文员,简历模板,ATS友好,行政文员简历模板ATS友好
销售顾问,简历模板,可编辑,销售顾问简历模板可编辑
销售顾问,简历模板,Word版,销售顾问简历模板Word版
销售顾问,简历模板,PDF版,销售顾问简历模板PDF版
销售顾问,简历模板,一页式,销售顾问简历模板一页式
销售顾问,简历模板,ATS友好,销售顾问简历模板ATS友好
客服专员,简历模板,可编辑,客服专员简历模板可编辑
客服专员,简历模板,Word版,客服专员简历模板Word版
客服专员,简历模板,PDF版,客服专员简历模板PDF版
客服专员,简历模板,一页式,客服专员简历模板一页式
客服专员,简历模板,ATS友好,客服专员简历模板ATS友好
项目管理,简历模板,可编辑,项目管理简历模板可编辑
项目管理,简历模板,Word版,项目管理简历模板Word版
项目管理,简历模板,PDF版,项目管理简历模板PDF版
项目管理,简历模板,一页式,项目管理简历模板一页式
项目管理,简历模板,ATS友好,项目管理简历模板ATS友好
机械工程,简历模板,可编辑,机械工程简历模板可编辑
机械工程,简历模板,Word版,机械工程简历模板Word版
机械工程,简历模板,PDF版,机械工程简历模板PDF版
机械工程,简历模板,一页式,机械工程简历模板一页式
机械工程,简历模板,ATS友好,机械工程简历模板ATS友好
土木工程,简历模板,可编辑,土木工程简历模板可编辑
土木工程,简历模板,Word版,土木工程简历模板Word版
土木工程,简历模板,PDF版,土木工程简历模板PDF版
土木工程,简历模板,一页式,土木工程简历模板一页式
土木工程,简历模板,ATS友好,土木工程简历模板ATS友好
生物医药,简历模板,可编辑,生物医药简历模板可编辑
生物医药,简历模板,Word版,生物医药简历模板Word版
生物医药,简历模板,PDF版,生物医药简历模板PDF版
生物医药,简历模板,一页式,生物医药简历模板一页式
生物医药,简历模板,ATS友好,生物医药简历模板ATS友好
教育培训,简历模板,可编辑,教育培训简历模板可编辑
教育培训,简历模板,Word版,教育培训简历模板Word版
教育培训,简历模板,PDF版,教育培训简历模板PDF版
教育培训,简历模板,一页式,教育培训简历模板一页式
教育培训,简历模板,ATS友好,教育培训简历模板ATS友好
外贸业务,简历模板,可编辑,外贸业务简历模板可编辑
外贸业务,简历模板,Word版,外贸业务简历模板Word版
外贸业务,简历模板,PDF版,外贸业务简历模板PDF版
外贸业务,简历模板,一页式,外贸业务简历模板一页式
外贸业务,简历模板,ATS友好,外贸业务简历模板ATS友好
互联网,个人简历模板,可编辑,互联网个人简历模板可编辑
互联网,个人简历模板,Word版,互联网个人简历模板Word版
互联网,个人简历模板,PDF版,互联网个人简历模板PDF版
互联网,个人简历模板,一页式,互联网个人简历模板一页式
互联网,个人简历模板,ATS友好,互联网个人简历模板ATS友好
产品经理,个人简历模板,可编辑,产品经理个人简历模板可编辑
产品经理,个人简历模板,Word版,产品经理个人简历模板Word版
产品经理,个人简历模板,PDF版,产品经理个人简历模板PDF版
产品经理,个人简历模板,一页式,产品经理个人简历模板一页式
产品经理,个人简历模板,ATS友好,产品经理个人简历模板ATS友好
UI设计,个人简历模板,可编辑,UI设计个人简历模板可编辑
UI设计,个人简历模板,Word版,UI设计个人简历模板Word版
UI设计,个人简历模板,PDF版,UI设计个人简历模板PDF版
UI设计,个人简历模板,一页式,UI设计个人简历模板一页式
UI设计,个人简历模板,ATS友好,UI设计个人简历模板ATS友好
前端开发,个人简历模板,可编辑,前端开发个人简历模板可编辑
前端开发,个人简历模板,Word版,前端开发个人简历模板Word版
前端开发,个人简历模板,PDF版,前端开发个人简历模板PDF版
前端开发,个人简历模板,一页式,前端开发个人简历模板一页式
前端开发,个人简历模板,ATS友好,前端开发个人简历模板ATS友好
后端开发,个人简历模板,可编辑,后端开发个人简历模板可编辑
后端开发,个人简历模板,Word版,后端开发个人简历模板Word版
后端开发,个人简历模板,PDF版,后端开发个人简历模板PDF版
后端开发,个人简历模板,一页式,后端开发个人简历模板一页式
后端开发,个人简历模板,ATS友好,后端开发个人简历模板ATS友好
数据分析,个人简历模板,可编辑,数据分析个人简历模板可编辑
数据分析,个人简历模板,Word版,数据分析个人简历模板Word版
数据分析,个人简历模板,PDF版,数据分析个人简历模板PDF版
数据分析,个人简历模板,一页式,数据分析个人简历模板一页式
数据分析,个人简历模板,ATS友好,数据分析个人简历模板ATS友好
新媒体运营,个人简历模板,可编辑,新媒体运营个人简历模板可编辑
新媒体运营,个人简历模板,Word版,新媒体运营个人简历模板Word版
新媒体运营,个人简历模板,PDF版,新媒体运营个人简历模板PDF版
新媒体运营,个人简历模板,一页式,新媒体运营个人简历模板一页式
新媒体运营,个人简历模板,ATS友好,新媒体运营个人简历模板ATS友好
市场营销,个人简历模板,可编辑,市场营销个人简历模板可编辑
市场营销,个人简历模板,Word版,市场营销个人简历模板Word版
市场营销,个人简历模板,PDF版,市场营销个人简历模板PDF版
市场营销,个人简历模板,一页式,市场营销个人简历模板一页式
市场营销,个人简历模板,ATS友好,市场营销个人简历模板ATS友好
电商运营,个人简历模板,可编辑,电商运营个人简历模板可编辑
电商运营,个人简历模板,Word版,电商运营个人简历模板Word版
电商运营,个人简历模板,PDF版,电商运营个人简历模板PDF版
电商运营,个人简历模板,一页式,电商运营个人简历模板一页式
电商运营,个人简历模板,ATS友好,电商运营个人简历模板ATS友好
人力资源,个人简历模板,可编辑,人力资源个人简历模板可编辑
人力资源,个人简历模板,Word版,人力资源个人简历模板Word版
人力资源,个人简历模板,PDF版,人力资源个人简历模板PDF版
人力资源,个人简历模板,一页式,人力资源个人简历模板一页式
人力资源,个人简历模板,ATS友好,人力资源个人简历模板ATS友好
财务会计,个人简历模板,可编辑,财务会计个人简历模板可编辑
财务会计,个人简历模板,Word版,财务会计个人简历模板Word版
财务会计,个人简历模板,PDF版,财务会计个人简历模板PDF版
财务会计,个人简历模板,一页式,财务会计个人简历模板一页式
财务会计,个人简历模板,ATS友好,财务会计个人简历模板ATS友好
行政文员,个人简历模板,可编辑,行政文员个人简历模板可编辑
行政文员,个人简历模板,Word版,行政文员个人简历模板Word版
行政文员,个人简历模板,PDF版,行政文员个人简历模板PDF版
行政文员,个人简历模板,一页式,行政文员个人简历模板一页式
行政文员,个人简历模板,ATS友好,行政文员个人简历模板ATS友好
销售顾问,个人简历模板,可编辑,销售顾问个人简历模板可编辑
销售顾问,个人简历模板,Word版,销售顾问个人简历模板Word版
销售顾问,个人简历模板,PDF版,销售顾问个人简历模板PDF版
销售顾问,个人简历模板,一页式,销售顾问个人简历模板一页式
销售顾问,个人简历模板,ATS友好,销售顾问个人简历模板ATS友好
客服专员,个人简历模板,可编辑,客服专员个人简历模板可编辑
客服专员,个人简历模板,Word版,客服专员个人简历模板Word版
客服专员,个人简历模板,PDF版,客服专员个人简历模板PDF版
客服专员,个人简历模板,一页式,客服专员个人简历模板一页式
客服专员,个人简历模板,ATS友好,客服专员个人简历模板ATS友好
项目管理,个人简历模板,可编辑,项目管理个人简历模板可编辑
项目管理,个人简历模板,Word版,项目管理个人简历模板Word版
项目管理,个人简历模板,PDF版,项目管理个人简历模板PDF版
项目管理,个人简历模板,一页式,项目管理个人简历模板一页式
项目管理,个人简历模板,ATS友好,项目管理个人简历模板ATS友好
机械工程,个人简历模板,可编辑,机械工程个人简历模板可编辑
机械工程,个人简历模板,Word版,机械工程个人简历模板Word版
机械工程,个人简历模板,PDF版,机械工程个人简历模板PDF版
机械工程,个人简历模板,一页式,机械工程个人简历模板一页式
机械工程,个人简历模板,ATS友好,机械工程个人简历模板ATS友好
土木工程,个人简历模板,可编辑,土木工程个人简历模板可编辑
土木工程,个人简历模板,Word版,土木工程个人简历模板Word版
土木工程,个人简历模板,PDF版,土木工程个人简历模板PDF版
土木工程,个人简历模板,一页式,土木工程个人简历模板一页式
土木工程,个人简历模板,ATS友好,土木工程个人简历模板ATS友好
生物医药,个人简历模板,可编辑,生物医药个人简历模板可编辑
生物医药,个人简历模板,Word版,生物医药个人简历模板Word版
生物医药,个人简历模板,PDF版,生物医药个人简历模板PDF版
生物医药,个人简历模板,一页式,生物医药个人简历模板一页式
生物医药,个人简历模板,ATS友好,生物医药个人简历模板ATS友好
教育培训,个人简历模板,可编辑,教育培训个人简历模板可编辑
教育培训,个人简历模板,Word版,教育培训个人简历模板Word版
教育培训,个人简历模板,PDF版,教育培训个人简历模板PDF版
教育培训,个人简历模板,一页式,教育培训个人简历模板一页式
教育培训,个人简历模板,ATS友好,教育培训个人简历模板ATS友好
外贸业务,个人简历模板,可编辑,外贸业务个人简历模板可编辑
外贸业务,个人简历模板,Word版,外贸业务个人简历模板Word版
外贸业务,个人简历模板,PDF版,外贸业务个人简历模板PDF版
外贸业务,个人简历模板,一页式,外贸业务个人简历模板一页式
外贸业务,个人简历模板,ATS友好,外贸业务个人简历模板ATS友好
互联网,求职简历模板,可编辑,互联网求职简历模板可编辑
互联网,求职简历模板,Word版,互联网求职简历模板Word版
互联网,求职简历模板,PDF版,互联网求职简历模板PDF版
互联网,求职简历模板,一页式,互联网求职简历模板一页式
互联网,求职简历模板,ATS友好,互联网求职简历模板ATS友好
产品经理,求职简历模板,可编辑,产品经理求职简历模板可编辑
产品经理,求职简历模板,Word版,产品经理求职简历模板Word版
产品经理,求职简历模板,PDF版,产品经理求职简历模板PDF版
产品经理,求职简历模板,一页式,产品经理求职简历模板一页式
产品经理,求职简历模板,ATS友好,产品经理求职简历模板ATS友好
UI设计,求职简历模板,可编辑,UI设计求职简历模板可编辑
UI设计,求职简历模板,Word版,UI设计求职简历模板Word版
UI设计,求职简历模板,PDF版,UI设计求职简历模板PDF版
UI设计,求职简历模板,一页式,UI设计求职简历模板一页式
UI设计,求职简历模板,ATS友好,UI设计求职简历模板ATS友好
前端开发,求职简历模板,可编辑,前端开发求职简历模板可编辑
前端开发,求职简历模板,Word版,前端开发求职简历模板Word版
前端开发,求职简历模板,PDF版,前端开发求职简历模板PDF版
前端开发,求职简历模板,一页式,前端开发求职简历模板一页式
前端开发,求职简历模板,ATS友好,前端开发求职简历模板ATS友好
后端开发,求职简历模板,可编辑,后端开发求职简历模板可编辑
后端开发,求职简历模板,Word版,后端开发求职简历模板Word版
后端开发,求职简历模板,PDF版,后端开发求职简历模板PDF版
后端开发,求职简历模板,一页式,后端开发求职简历模板一页式
后端开发,求职简历模板,ATS友好,后端开发求职简历模板ATS友好
数据分析,求职简历模板,可编辑,数据分析求职简历模板可编辑
数据分析,求职简历模板,Word版,数据分析求职简历模板Word版
数据分析,求职简历模板,PDF版,数据分析求职简历模板PDF版
数据分析,求职简历模板,一页式,数据分析求职简历模板一页式
数据分析,求职简历模板,ATS友好,数据分析求职简历模板ATS友好
新媒体运营,求职简历模板,可编辑,新媒体运营求职简历模板可编辑
新媒体运营,求职简历模板,Word版,新媒体运营求职简历模板Word版
新媒体运营,求职简历模板,PDF版,新媒体运营求职简历模板PDF版
新媒体运营,求职简历模板,一页式,新媒体运营求职简历模板一页式
新媒体运营,求职简历模板,ATS友好,新媒体运营求职简历模板ATS友好
市场营销,求职简历模板,可编辑,市场营销求职简历模板可编辑
市场营销,求职简历模板,Word版,市场营销求职简历模板Word版
市场营销,求职简历模板,PDF版,市场营销求职简历模板PDF版
市场营销,求职简历模板,一页式,市场营销求职简历模板一页式
市场营销,求职简历模板,ATS友好,市场营销求职简历模板ATS友好
电商运营,求职简历模板,可编辑,电商运营求职简历模板可编辑
电商运营,求职简历模板,Word版,电商运营求职简历模板Word版
电商运营,求职简历模板,PDF版,电商运营求职简历模板PDF版
电商运营,求职简历模板,一页式,电商运营求职简历模板一页式
电商运营,求职简历模板,ATS友好,电商运营求职简历模板ATS友好
人力资源,求职简历模板,可编辑,人力资源求职简历模板可编辑
人力资源,求职简历模板,Word版,人力资源求职简历模板Word版
人力资源,求职简历模板,PDF版,人力资源求职简历模板PDF版
人力资源,求职简历模板,一页式,人力资源求职简历模板一页式
人力资源,求职简历模板,ATS友好,人力资源求职简历模板ATS友好
财务会计,求职简历模板,可编辑,财务会计求职简历模板可编辑
财务会计,求职简历模板,Word版,财务会计求职简历模板Word版
财务会计,求职简历模板,PDF版,财务会计求职简历模板PDF版
财务会计,求职简历模板,一页式,财务会计求职简历模板一页式
财务会计,求职简历模板,ATS友好,财务会计求职简历模板ATS友好
行政文员,求职简历模板,可编辑,行政文员求职简历模板可编辑
行政文员,求职简历模板,Word版,行政文员求职简历模板Word版
行政文员,求职简历模板,PDF版,行政文员求职简历模板PDF版
行政文员,求职简历模板,一页式,行政文员求职简历模板一页式
行政文员,求职简历模板,ATS友好,行政文员求职简历模板ATS友好
销售顾问,求职简历模板,可编辑,销售顾问求职简历模板可编辑
销售顾问,求职简历模板,Word版,销售顾问求职简历模板Word版
销售顾问,求职简历模板,PDF版,销售顾问求职简历模板PDF版
销售顾问,求职简历模板,一页式,销售顾问求职简历模板一页式
销售顾问,求职简历模板,ATS友好,销售顾问求职简历模板ATS友好
客服专员,求职简历模板,可编辑,客服专员求职简历模板可编辑
客服专员,求职简历模板,Word版,客服专员求职简历模板Word版
客服专员,求职简历模板,PDF版,客服专员求职简历模板PDF版
客服专员,求职简历模板,一页式,客服专员求职简历模板一页式
客服专员,求职简历模板,ATS友好,客服专员求职简历模板ATS友好
项目管理,求职简历模板,可编辑,项目管理求职简历模板可编辑
项目管理,求职简历模板,Word版,项目管理求职简历模板Word版
项目管理,求职简历模板,PDF版,项目管理求职简历模板PDF版
项目管理,求职简历模板,一页式,项目管理求职简历模板一页式
项目管理,求职简历模板,ATS友好,项目管理求职简历模板ATS友好
机械工程,求职简历模板,可编辑,机械工程求职简历模板可编辑
机械工程,求职简历模板,Word版,机械工程求职简历模板Word版
机械工程,求职简历模板,PDF版,机械工程求职简历模板PDF版
机械工程,求职简历模板,一页式,机械工程求职简历模板一页式
机械工程,求职简历模板,ATS友好,机械工程求职简历模板ATS友好
土木工程,求职简历模板,可编辑,土木工程求职简历模板可编辑
土木工程,求职简历模板,Word版,土木工程求职简历模板Word版
土木工程,求职简历模板,PDF版,土木工程求职简历模板PDF版
土木工程,求职简历模板,一页式,土木工程求职简历模板一页式
土木工程,求职简历模板,ATS友好,土木工程求职简历模板ATS友好
生物医药,求职简历模板,可编辑,生物医药求职简历模板可编辑
生物医药,求职简历模板,Word版,生物医药求职简历模板Word版
生物医药,求职简历模板,PDF版,生物医药求职简历模板PDF版
生物医药,求职简历模板,一页式,生物医药求职简历模板一页式
生物医药,求职简历模板,ATS友好,生物医药求职简历模板ATS友好
教育培训,求职简历模板,可编辑,教育培训求职简历模板可编辑
教育培训,求职简历模板,Word版,教育培训求职简历模板Word版
教育培训,求职简历模板,PDF版,教育培训求职简历模板PDF版
教育培训,求职简历模板,一页式,教育培训求职简历模板一页式
教育培训,求职简历模板,ATS友好,教育培训求职简历模板ATS友好
外贸业务,求职简历模板,可编辑,外贸业务求职简历模板可编辑
外贸业务,求职简历模板,Word版,外贸业务求职简历模板Word版
外贸业务,求职简历模板,PDF版,外贸业务求职简历模板PDF版
外贸业务,求职简历模板,一页式,外贸业务求职简历模板一页式
外贸业务,求职简历模板,ATS友好,外贸业务求职简历模板ATS友好
互联网,应届生简历模板,可编辑,互联网应届生简历模板可编辑
互联网,应届生简历模板,Word版,互联网应届生简历模板Word版
互联网,应届生简历模板,PDF版,互联网应届生简历模板PDF版
互联网,应届生简历模板,一页式,互联网应届生简历模板一页式
互联网,应届生简历模板,ATS友好,互联网应届生简历模板ATS友好
产品经理,应届生简历模板,可编辑,产品经理应届生简历模板可编辑
产品经理,应届生简历模板,Word版,产品经理应届生简历模板Word版
产品经理,应届生简历模板,PDF版,产品经理应届生简历模板PDF版
产品经理,应届生简历模板,一页式,产品经理应届生简历模板一页式
产品经理,应届生简历模板,ATS友好,产品经理应届生简历模板ATS友好
UI设计,应届生简历模板,可编辑,UI设计应届生简历模板可编辑
UI设计,应届生简历模板,Word版,UI设计应届生简历模板Word版
UI设计,应届生简历模板,PDF版,UI设计应届生简历模板PDF版
UI设计,应届生简历模板,一页式,UI设计应届生简历模板一页式
UI设计,应届生简历模板,ATS友好,UI设计应届生简历模板ATS友好
前端开发,应届生简历模板,可编辑,前端开发应届生简历模板可编辑
前端开发,应届生简历模板,Word版,前端开发应届生简历模板Word版
前端开发,应届生简历模板,PDF版,前端开发应届生简历模板PDF版
前端开发,应届生简历模板,一页式,前端开发应届生简历模板一页式
前端开发,应届生简历模板,ATS友好,前端开发应届生简历模板ATS友好
后端开发,应届生简历模板,可编辑,后端开发应届生简历模板可编辑
后端开发,应届生简历模板,Word版,后端开发应届生简历模板Word版
后端开发,应届生简历模板,PDF版,后端开发应届生简历模板PDF版
后端开发,应届生简历模板,一页式,后端开发应届生简历模板一页式
后端开发,应届生简历模板,ATS友好,后端开发应届生简历模板ATS友好
数据分析,应届生简历模板,可编辑,数据分析应届生简历模板可编辑
数据分析,应届生简历模板,Word版,数据分析应届生简历模板Word版
数据分析,应届生简历模板,PDF版,数据分析应届生简历模板PDF版
数据分析,应届生简历模板,一页式,数据分析应届生简历模板一页式
数据分析,应届生简历模板,ATS友好,数据分析应届生简历模板ATS友好
新媒体运营,应届生简历模板,可编辑,新媒体运营应届生简历模板可编辑
新媒体运营,应届生简历模板,Word版,新媒体运营应届生简历模板Word版
新媒体运营,应届生简历模板,PDF版,新媒体运营应届生简历模板PDF版
新媒体运营,应届生简历模板,一页式,新媒体运营应届生简历模板一页式
新媒体运营,应届生简历模板,ATS友好,新媒体运营应届生简历模板ATS友好
市场营销,应届生简历模板,可编辑,市场营销应届生简历模板可编辑
市场营销,应届生简历模板,Word版,市场营销应届生简历模板Word版
市场营销,应届生简历模板,PDF版,市场营销应届生简历模板PDF版
市场营销,应届生简历模板,一页式,市场营销应届生简历模板一页式
市场营销,应届生简历模板,ATS友好,市场营销应届生简历模板ATS友好
电商运营,应届生简历模板,可编辑,电商运营应届生简历模板可编辑
电商运营,应届生简历模板,Word版,电商运营应届生简历模板Word版
电商运营,应届生简历模板,PDF版,电商运营应届生简历模板PDF版
电商运营,应届生简历模板,一页式,电商运营应届生简历模板一页式
电商运营,应届生简历模板,ATS友好,电商运营应届生简历模板ATS友好
人力资源,应届生简历模板,可编辑,人力资源应届生简历模板可编辑
人力资源,应届生简历模板,Word版,人力资源应届生简历模板Word版
人力资源,应届生简历模板,PDF版,人力资源应届生简历模板PDF版
人力资源,应届生简历模板,一页式,人力资源应届生简历模板一页式
人力资源,应届生简历模板,ATS友好,人力资源应届生简历模板ATS友好
财务会计,应届生简历模板,可编辑,财务会计应届生简历模板可编辑
财务会计,应届生简历模板,Word版,财务会计应届生简历模板Word版
财务会计,应届生简历模板,PDF版,财务会计应届生简历模板PDF版
财务会计,应届生简历模板,一页式,财务会计应届生简历模板一页式
财务会计,应届生简历模板,ATS友好,财务会计应届生简历模板ATS友好
行政文员,应届生简历模板,可编辑,行政文员应届生简历模板可编辑
行政文员,应届生简历模板,Word版,行政文员应届生简历模板Word版
行政文员,应届生简历模板,PDF版,行政文员应届生简历模板PDF版
行政文员,应届生简历模板,一页式,行政文员应届生简历模板一页式
行政文员,应届生简历模板,ATS友好,行政文员应届生简历模板ATS友好
销售顾问,应届生简历模板,可编辑,销售顾问应届生简历模板可编辑
销售顾问,应届生简历模板,Word版,销售顾问应届生简历模板Word版
销售顾问,应届生简历模板,PDF版,销售顾问应届生简历模板PDF版
销售顾问,应届生简历模板,一页式,销售顾问应届生简历模板一页式
销售顾问,应届生简历模板,ATS友好,销售顾问应届生简历模板ATS友好
客服专员,应届生简历模板,可编辑,客服专员应届生简历模板可编辑
客服专员,应届生简历模板,Word版,客服专员应届生简历模板Word版
客服专员,应届生简历模板,PDF版,客服专员应届生简历模板PDF版
客服专员,应届生简历模板,一页式,客服专员应届生简历模板一页式
客服专员,应届生简历模板,ATS友好,客服专员应届生简历模板ATS友好
项目管理,应届生简历模板,可编辑,项目管理应届生简历模板可编辑
项目管理,应届生简历模板,Word版,项目管理应届生简历模板Word版
项目管理,应届生简历模板,PDF版,项目管理应届生简历模板PDF版
项目管理,应届生简历模板,一页式,项目管理应届生简历模板一页式
项目管理,应届生简历模板,ATS友好,项目管理应届生简历模板ATS友好
机械工程,应届生简历模板,可编辑,机械工程应届生简历模板可编辑
机械工程,应届生简历模板,Word版,机械工程应届生简历模板Word版
机械工程,应届生简历模板,PDF版,机械工程应届生简历模板PDF版
机械工程,应届生简历模板,一页式,机械工程应届生简历模板一页式
机械工程,应届生简历模板,ATS友好,机械工程应届生简历模板ATS友好
土木工程,应届生简历模板,可编辑,土木工程应届生简历模板可编辑
土木工程,应届生简历模板,Word版,土木工程应届生简历模板Word版
土木工程,应届生简历模板,PDF版,土木工程应届生简历模板PDF版
土木工程,应届生简历模板,一页式,土木工程应届生简历模板一页式
土木工程,应届生简历模板,ATS友好,土木工程应届生简历模板ATS友好
生物医药,应届生简历模板,可编辑,生物医药应届生简历模板可编辑
生物医药,应届生简历模板,Word版,生物医药应届生简历模板Word版
生物医药,应届生简历模板,PDF版,生物医药应届生简历模板PDF版
生物医药,应届生简历模板,一页式,生物医药应届生简历模板一页式
生物医药,应届生简历模板,ATS友好,生物医药应届生简历模板ATS友好
教育培训,应届生简历模板,可编辑,教育培训应届生简历模板可编辑
教育培训,应届生简历模板,Word版,教育培训应届生简历模板Word版
教育培训,应届生简历模板,PDF版,教育培训应届生简历模板PDF版
教育培训,应届生简历模板,一页式,教育培训应届生简历模板一页式
教育培训,应届生简历模板,ATS友好,教育培训应届生简历模板ATS友好
外贸业务,应届生简历模板,可编辑,外贸业务应届生简历模板可编辑
外贸业务,应届生简历模板,Word版,外贸业务应届生简历模板Word版
外贸业务,应届生简历模板,PDF版,外贸业务应届生简历模板PDF版
外贸业务,应届生简历模板,一页式,外贸业务应届生简历模板一页式
外贸业务,应届生简历模板,ATS友好,外贸业务应届生简历模板ATS友好
互联网,实习简历模板,可编辑,互联网实习简历模板可编辑
互联网,实习简历模板,Word版,互联网实习简历模板Word版
互联网,实习简历模板,PDF版,互联网实习简历模板PDF版
互联网,实习简历模板,一页式,互联网实习简历模板一页式
互联网,实习简历模板,ATS友好,互联网实习简历模板ATS友好
产品经理,实习简历模板,可编辑,产品经理实习简历模板可编辑
产品经理,实习简历模板,Word版,产品经理实习简历模板Word版
产品经理,实习简历模板,PDF版,产品经理实习简历模板PDF版
产品经理,实习简历模板,一页式,产品经理实习简历模板一页式
产品经理,实习简历模板,ATS友好,产品经理实习简历模板ATS友好
UI设计,实习简历模板,可编辑,UI设计实习简历模板可编辑
UI设计,实习简历模板,Word版,UI设计实习简历模板Word版
UI设计,实习简历模板,PDF版,UI设计实习简历模板PDF版
UI设计,实习简历模板,一页式,UI设计实习简历模板一页式
UI设计,实习简历模板,ATS友好,UI设计实习简历模板ATS友好
前端开发,实习简历模板,可编辑,前端开发实习简历模板可编辑
前端开发,实习简历模板,Word版,前端开发实习简历模板Word版
前端开发,实习简历模板,PDF版,前端开发实习简历模板PDF版
前端开发,实习简历模板,一页式,前端开发实习简历模板一页式
前端开发,实习简历模板,ATS友好,前端开发实习简历模板ATS友好
后端开发,实习简历模板,可编辑,后端开发实习简历模板可编辑
后端开发,实习简历模板,Word版,后端开发实习简历模板Word版
后端开发,实习简历模板,PDF版,后端开发实习简历模板PDF版
后端开发,实习简历模板,一页式,后端开发实习简历模板一页式
后端开发,实习简历模板,ATS友好,后端开发实习简历模板ATS友好
数据分析,实习简历模板,可编辑,数据分析实习简历模板可编辑
数据分析,实习简历模板,Word版,数据分析实习简历模板Word版
数据分析,实习简历模板,PDF版,数据分析实习简历模板PDF版
数据分析,实习简历模板,一页式,数据分析实习简历模板一页式
数据分析,实习简历模板,ATS友好,数据分析实习简历模板ATS友好
新媒体运营,实习简历模板,可编辑,新媒体运营实习简历模板可编辑
新媒体运营,实习简历模板,Word版,新媒体运营实习简历模板Word版
新媒体运营,实习简历模板,PDF版,新媒体运营实习简历模板PDF版
新媒体运营,实习简历模板,一页式,新媒体运营实习简历模板一页式
新媒体运营,实习简历模板,ATS友好,新媒体运营实习简历模板ATS友好
市场营销,实习简历模板,可编辑,市场营销实习简历模板可编辑
市场营销,实习简历模板,Word版,市场营销实习简历模板Word版
市场营销,实习简历模板,PDF版,市场营销实习简历模板PDF版
市场营销,实习简历模板,一页式,市场营销实习简历模板一页式
市场营销,实习简历模板,ATS友好,市场营销实习简历模板ATS友好
电商运营,实习简历模板,可编辑,电商运营实习简历模板可编辑
电商运营,实习简历模板,Word版,电商运营实习简历模板Word版
电商运营,实习简历模板,PDF版,电商运营实习简历模板PDF版
电商运营,实习简历模板,一页式,电商运营实习简历模板一页式
电商运营,实习简历模板,ATS友好,电商运营实习简历模板ATS友好
人力资源,实习简历模板,可编辑,人力资源实习简历模板可编辑
人力资源,实习简历模板,Word版,人力资源实习简历模板Word版
人力资源,实习简历模板,PDF版,人力资源实习简历模板PDF版
人力资源,实习简历模板,一页式,人力资源实习简历模板一页式
人力资源,实习简历模板,ATS友好,人力资源实习简历模板ATS友好
财务会计,实习简历模板,可编辑,财务会计实习简历模板可编辑
财务会计,实习简历模板,Word版,财务会计实习简历模板Word版
财务会计,实习简历模板,PDF版,财务会计实习简历模板PDF版
财务会计,实习简历模板,一页式,财务会计实习简历模板一页式
财务会计,实习简历模板,ATS友好,财务会计实习简历模板ATS友好
行政文员,实习简历模板,可编辑,行政文员实习简历模板可编辑
行政文员,实习简历模板,Word版,行政文员实习简历模板Word版
行政文员,实习简历模板,PDF版,行政文员实习简历模板PDF版
行政文员,实习简历模板,一页式,行政文员实习简历模板一页式
行政文员,实习简历模板,ATS友好,行政文员实习简历模板ATS友好
销售顾问,实习简历模板,可编辑,销售顾问实习简历模板可编辑
销售顾问,实习简历模板,Word版,销售顾问实习简历模板Word版
销售顾问,实习简历模板,PDF版,销售顾问实习简历模板PDF版
销售顾问,实习简历模板,一页式,销售顾问实习简历模板一页式
销售顾问,实习简历模板,ATS友好,销售顾问实习简历模板ATS友好
客服专员,实习简历模板,可编辑,客服专员实习简历模板可编辑
客服专员,实习简历模板,Word版,客服专员实习简历模板Word版
客服专员,实习简历模板,PDF版,客服专员实习简历模板PDF版
客服专员,实习简历模板,一页式,客服专员实习简历模板一页式
客服专员,实习简历模板,ATS友好,客服专员实习简历模板ATS友好
项目管理,实习简历模板,可编辑,项目管理实习简历模板可编辑
项目管理,实习简历模板,Word版,项目管理实习简历模板Word版
项目管理,实习简历模板,PDF版,项目管理实习简历模板PDF版
项目管理,实习简历模板,一页式,项目管理实习简历模板一页式
项目管理,实习简历模板,ATS友好,项目管理实习简历模板ATS友好
机械工程,实习简历模板,可编辑,机械工程实习简历模板可编辑
机械工程,实习简历模板,Word版,机械工程实习简历模板Word版
机械工程,实习简历模板,PDF版,机械工程实习简历模板PDF版
机械工程,实习简历模板,一页式,机械工程实习简历模板一页式
机械工程,实习简历模板,ATS友好,机械工程实习简历模板ATS友好
土木工程,实习简历模板,可编辑,土木工程实习简历模板可编辑
土木工程,实习简历模板,Word版,土木工程实习简历模板Word版
土木工程,实习简历模板,PDF版,土木工程实习简历模板PDF版
土木工程,实习简历模板,一页式,土木工程实习简历模板一页式
土木工程,实习简历模板,ATS友好,土木工程实习简历模板ATS友好
生物医药,实习简历模板,可编辑,生物医药实习简历模板可编辑
生物医药,实习简历模板,Word版,生物医药实习简历模板Word版
生物医药,实习简历模板,PDF版,生物医药实习简历模板PDF版
生物医药,实习简历模板,一页式,生物医药实习简历模板一页式
生物医药,实习简历模板,ATS友好,生物医药实习简历模板ATS友好
教育培训,实习简历模板,可编辑,教育培训实习简历模板可编辑
教育培训,实习简历模板,Word版,教育培训实习简历模板Word版
教育培训,实习简历模板,PDF版,教育培训实习简历模板PDF版
教育培训,实习简历模板,一页式,教育培训实习简历模板一页式
教育培训,实习简历模板,ATS友好,教育培训实习简历模板ATS友好
外贸业务,实习简历模板,可编辑,外贸业务实习简历模板可编辑
外贸业务,实习简历模板,Word版,外贸业务实习简历模板Word版
外贸业务,实习简历模板,PDF版,外贸业务实习简历模板PDF版
外贸业务,实习简历模板,一页式,外贸业务实习简历模板一页式
外贸业务,实习简历模板,ATS友好,外贸业务实习简历模板ATS友好
互联网,英文简历模板,可编辑,互联网英文简历模板可编辑
互联网,英文简历模板,Word版,互联网英文简历模板Word版
互联网,英文简历模板,PDF版,互联网英文简历模板PDF版
互联网,英文简历模板,一页式,互联网英文简历模板一页式
互联网,英文简历模板,ATS友好,互联网英文简历模板ATS友好
产品经理,英文简历模板,可编辑,产品经理英文简历模板可编辑
产品经理,英文简历模板,Word版,产品经理英文简历模板Word版
产品经理,英文简历模板,PDF版,产品经理英文简历模板PDF版
产品经理,英文简历模板,一页式,产品经理英文简历模板一页式
产品经理,英文简历模板,ATS友好,产品经理英文简历模板ATS友好
UI设计,英文简历模板,可编辑,UI设计英文简历模板可编辑
UI设计,英文简历模板,Word版,UI设计英文简历模板Word版
UI设计,英文简历模板,PDF版,UI设计英文简历模板PDF版
UI设计,英文简历模板,一页式,UI设计英文简历模板一页式
UI设计,英文简历模板,ATS友好,UI设计英文简历模板ATS友好
前端开发,英文简历模板,可编辑,前端开发英文简历模板可编辑
前端开发,英文简历模板,Word版,前端开发英文简历模板Word版
前端开发,英文简历模板,PDF版,前端开发英文简历模板PDF版
前端开发,英文简历模板,一页式,前端开发英文简历模板一页式
前端开发,英文简历模板,ATS友好,前端开发英文简历模板ATS友好
后端开发,英文简历模板,可编辑,后端开发英文简历模板可编辑
后端开发,英文简历模板,Word版,后端开发英文简历模板Word版
后端开发,英文简历模板,PDF版,后端开发英文简历模板PDF版
后端开发,英文简历模板,一页式,后端开发英文简历模板一页式
后端开发,英文简历模板,ATS友好,后端开发英文简历模板ATS友好
数据分析,英文简历模板,可编辑,数据分析英文简历模板可编辑
数据分析,英文简历模板,Word版,数据分析英文简历模板Word版
数据分析,英文简历模板,PDF版,数据分析英文简历模板PDF版
数据分析,英文简历模板,一页式,数据分析英文简历模板一页式
数据分析,英文简历模板,ATS友好,数据分析英文简历模板ATS友好
新媒体运营,英文简历模板,可编辑,新媒体运营英文简历模板可编辑
新媒体运营,英文简历模板,Word版,新媒体运营英文简历模板Word版
新媒体运营,英文简历模板,PDF版,新媒体运营英文简历模板PDF版
新媒体运营,英文简历模板,一页式,新媒体运营英文简历模板一页式
新媒体运营,英文简历模板,ATS友好,新媒体运营英文简历模板ATS友好
市场营销,英文简历模板,可编辑,市场营销英文简历模板可编辑
市场营销,英文简历模板,Word版,市场营销英文简历模板Word版
市场营销,英文简历模板,PDF版,市场营销英文简历模板PDF版
市场营销,英文简历模板,一页式,市场营销英文简历模板一页式
市场营销,英文简历模板,ATS友好,市场营销英文简历模板ATS友好
电商运营,英文简历模板,可编辑,电商运营英文简历模板可编辑
电商运营,英文简历模板,Word版,电商运营英文简历模板Word版
电商运营,英文简历模板,PDF版,电商运营英文简历模板PDF版
电商运营,英文简历模板,一页式,电商运营英文简历模板一页式
电商运营,英文简历模板,ATS友好,电商运营英文简历模板ATS友好
人力资源,英文简历模板,可编辑,人力资源英文简历模板可编辑
人力资源,英文简历模板,Word版,人力资源英文简历模板Word版
人力资源,英文简历模板,PDF版,人力资源英文简历模板PDF版
人力资源,英文简历模板,一页式,人力资源英文简历模板一页式
人力资源,英文简历模板,ATS友好,人力资源英文简历模板ATS友好
财务会计,英文简历模板,可编辑,财务会计英文简历模板可编辑
财务会计,英文简历模板,Word版,财务会计英文简历模板Word版
财务会计,英文简历模板,PDF版,财务会计英文简历模板PDF版
财务会计,英文简历模板,一页式,财务会计英文简历模板一页式
财务会计,英文简历模板,ATS友好,财务会计英文简历模板ATS友好
行政文员,英文简历模板,可编辑,行政文员英文简历模板可编辑
行政文员,英文简历模板,Word版,行政文员英文简历模板Word版
行政文员,英文简历模板,PDF版,行政文员英文简历模板PDF版
行政文员,英文简历模板,一页式,行政文员英文简历模板一页式
行政文员,英文简历模板,ATS友好,行政文员英文简历模板ATS友好
销售顾问,英文简历模板,可编辑,销售顾问英文简历模板可编辑
销售顾问,英文简历模板,Word版,销售顾问英文简历模板Word版
销售顾问,英文简历模板,PDF版,销售顾问英文简历模板PDF版
销售顾问,英文简历模板,一页式,销售顾问英文简历模板一页式
销售顾问,英文简历模板,ATS友好,销售顾问英文简历模板ATS友好
客服专员,英文简历模板,可编辑,客服专员英文简历模板可编辑
客服专员,英文简历模板,Word版,客服专员英文简历模板Word版
客服专员,英文简历模板,PDF版,客服专员英文简历模板PDF版
客服专员,英文简历模板,一页式,客服专员英文简历模板一页式
客服专员,英文简历模板,ATS友好,客服专员英文简历模板ATS友好
项目管理,英文简历模板,可编辑,项目管理英文简历模板可编辑
项目管理,英文简历模板,Word版,项目管理英文简历模板Word版
项目管理,英文简历模板,PDF版,项目管理英文简历模板PDF版
项目管理,英文简历模板,一页式,项目管理英文简历模板一页式
项目管理,英文简历模板,ATS友好,项目管理英文简历模板ATS友好
机械工程,英文简历模板,可编辑,机械工程英文简历模板可编辑
机械工程,英文简历模板,Word版,机械工程英文简历模板Word版
机械工程,英文简历模板,PDF版,机械工程英文简历模板PDF版
机械工程,英文简历模板,一页式,机械工程英文简历模板一页式
机械工程,英文简历模板,ATS友好,机械工程英文简历模板ATS友好
土木工程,英文简历模板,可编辑,土木工程英文简历模板可编辑
土木工程,英文简历模板,Word版,土木工程英文简历模板Word版
土木工程,英文简历模板,PDF版,土木工程英文简历模板PDF版
土木工程,英文简历模板,一页式,土木工程英文简历模板一页式
土木工程,英文简历模板,ATS友好,土木工程英文简历模板ATS友好
生物医药,英文简历模板,可编辑,生物医药英文简历模板可编辑
生物医药,英文简历模板,Word版,生物医药英文简历模板Word版
生物医药,英文简历模板,PDF版,生物医药英文简历模板PDF版
生物医药,英文简历模板,一页式,生物医药英文简历模板一页式
生物医药,英文简历模板,ATS友好,生物医药英文简历模板ATS友好
教育培训,英文简历模板,可编辑,教育培训英文简历模板可编辑
教育培训,英文简历模板,Word版,教育培训英文简历模板Word版
教育培训,英文简历模板,PDF版,教育培训英文简历模板PDF版
教育培训,英文简历模板,一页式,教育培训英文简历模板一页式
教育培训,英文简历模板,ATS友好,教育培训英文简历模板ATS友好
外贸业务,英文简历模板,可编辑,外贸业务英文简历模板可编辑
外贸业务,英文简历模板,Word版,外贸业务英文简历模板Word版
外贸业务,英文简历模板,PDF版,外贸业务英文简历模板PDF版
外贸业务,英文简历模板,一页式,外贸业务英文简历模板一页式
外贸业务,英文简历模板,ATS友好,外贸业务英文简历模板ATS友好
互联网,双语简历模板,可编辑,互联网双语简历模板可编辑
互联网,双语简历模板,Word版,互联网双语简历模板Word版
互联网,双语简历模板,PDF版,互联网双语简历模板PDF版
互联网,双语简历模板,一页式,互联网双语简历模板一页式
互联网,双语简历模板,ATS友好,互联网双语简历模板ATS友好
产品经理,双语简历模板,可编辑,产品经理双语简历模板可编辑
产品经理,双语简历模板,Word版,产品经理双语简历模板Word版
产品经理,双语简历模板,PDF版,产品经理双语简历模板PDF版
产品经理,双语简历模板,一页式,产品经理双语简历模板一页式
产品经理,双语简历模板,ATS友好,产品经理双语简历模板ATS友好
UI设计,双语简历模板,可编辑,UI设计双语简历模板可编辑
UI设计,双语简历模板,Word版,UI设计双语简历模板Word版
UI设计,双语简历模板,PDF版,UI设计双语简历模板PDF版
UI设计,双语简历模板,一页式,UI设计双语简历模板一页式
UI设计,双语简历模板,ATS友好,UI设计双语简历模板ATS友好
前端开发,双语简历模板,可编辑,前端开发双语简历模板可编辑
前端开发,双语简历模板,Word版,前端开发双语简历模板Word版
前端开发,双语简历模板,PDF版,前端开发双语简历模板PDF版
前端开发,双语简历模板,一页式,前端开发双语简历模板一页式
前端开发,双语简历模板,ATS友好,前端开发双语简历模板ATS友好
后端开发,双语简历模板,可编辑,后端开发双语简历模板可编辑
后端开发,双语简历模板,Word版,后端开发双语简历模板Word版
后端开发,双语简历模板,PDF版,后端开发双语简历模板PDF版
后端开发,双语简历模板,一页式,后端开发双语简历模板一页式
后端开发,双语简历模板,ATS友好,后端开发双语简历模板ATS友好
数据分析,双语简历模板,可编辑,数据分析双语简历模板可编辑
数据分析,双语简历模板,Word版,数据分析双语简历模板Word版
数据分析,双语简历模板,PDF版,数据分析双语简历模板PDF版
数据分析,双语简历模板,一页式,数据分析双语简历模板一页式
数据分析,双语简历模板,ATS友好,数据分析双语简历模板ATS友好
新媒体运营,双语简历模板,可编辑,新媒体运营双语简历模板可编辑
新媒体运营,双语简历模板,Word版,新媒体运营双语简历模板Word版
新媒体运营,双语简历模板,PDF版,新媒体运营双语简历模板PDF版
新媒体运营,双语简历模板,一页式,新媒体运营双语简历模板一页式
新媒体运营,双语简历模板,ATS友好,新媒体运营双语简历模板ATS友好
市场营销,双语简历模板,可编辑,市场营销双语简历模板可编辑
市场营销,双语简历模板,Word版,市场营销双语简历模板Word版
市场营销,双语简历模板,PDF版,市场营销双语简历模板PDF版
市场营销,双语简历模板,一页式,市场营销双语简历模板一页式
市场营销,双语简历模板,ATS友好,市场营销双语简历模板ATS友好
电商运营,双语简历模板,可编辑,电商运营双语简历模板可编辑
电商运营,双语简历模板,Word版,电商运营双语简历模板Word版
电商运营,双语简历模板,PDF版,电商运营双语简历模板PDF版
电商运营,双语简历模板,一页式,电商运营双语简历模板一页式
电商运营,双语简历模板,ATS友好,电商运营双语简历模板ATS友好
人力资源,双语简历模板,可编辑,人力资源双语简历模板可编辑
人力资源,双语简历模板,Word版,人力资源双语简历模板Word版
人力资源,双语简历模板,PDF版,人力资源双语简历模板PDF版
人力资源,双语简历模板,一页式,人力资源双语简历模板一页式
人力资源,双语简历模板,ATS友好,人力资源双语简历模板ATS友好
财务会计,双语简历模板,可编辑,财务会计双语简历模板可编辑
财务会计,双语简历模板,Word版,财务会计双语简历模板Word版
财务会计,双语简历模板,PDF版,财务会计双语简历模板PDF版
财务会计,双语简历模板,一页式,财务会计双语简历模板一页式
财务会计,双语简历模板,ATS友好,财务会计双语简历模板ATS友好
行政文员,双语简历模板,可编辑,行政文员双语简历模板可编辑
行政文员,双语简历模板,Word版,行政文员双语简历模板Word版
行政文员,双语简历模板,PDF版,行政文员双语简历模板PDF版
行政文员,双语简历模板,一页式,行政文员双语简历模板一页式
行政文员,双语简历模板,ATS友好,行政文员双语简历模板ATS友好
销售顾问,双语简历模板,可编辑,销售顾问双语简历模板可编辑
销售顾问,双语简历模板,Word版,销售顾问双语简历模板Word版
销售顾问,双语简历模板,PDF版,销售顾问双语简历模板PDF版
销售顾问,双语简历模板,一页式,销售顾问双语简历模板一页式
销售顾问,双语简历模板,ATS友好,销售顾问双语简历模板ATS友好
客服专员,双语简历模板,可编辑,客服专员双语简历模板可编辑
客服专员,双语简历模板,Word版,客服专员双语简历模板Word版
客服专员,双语简历模板,PDF版,客服专员双语简历模板PDF版
客服专员,双语简历模板,一页式,客服专员双语简历模板一页式
客服专员,双语简历模板,ATS友好,客服专员双语简历模板ATS友好
项目管理,双语简历模板,可编辑,项目管理双语简历模板可编辑
项目管理,双语简历模板,Word版,项目管理双语简历模板Word版
项目管理,双语简历模板,PDF版,项目管理双语简历模板PDF版
项目管理,双语简历模板,一页式,项目管理双语简历模板一页式
项目管理,双语简历模板,ATS友好,项目管理双语简历模板ATS友好
机械工程,双语简历模板,可编辑,机械工程双语简历模板可编辑
机械工程,双语简历模板,Word版,机械工程双语简历模板Word版
机械工程,双语简历模板,PDF版,机械工程双语简历模板PDF版
机械工程,双语简历模板,一页式,机械工程双语简历模板一页式
机械工程,双语简历模板,ATS友好,机械工程双语简历模板ATS友好
土木工程,双语简历模板,可编辑,土木工程双语简历模板可编辑
土木工程,双语简历模板,Word版,土木工程双语简历模板Word版
土木工程,双语简历模板,PDF版,土木工程双语简历模板PDF版
土木工程,双语简历模板,一页式,土木工程双语简历模板一页式
土木工程,双语简历模板,ATS友好,土木工程双语简历模板ATS友好
生物医药,双语简历模板,可编辑,生物医药双语简历模板可编辑
生物医药,双语简历模板,Word版,生物医药双语简历模板Word版
生物医药,双语简历模板,PDF版,生物医药双语简历模板PDF版
生物医药,双语简历模板,一页式,生物医药双语简历模板一页式
生物医药,双语简历模板,ATS友好,生物医药双语简历模板ATS友好
教育培训,双语简历模板,可编辑,教育培训双语简历模板可编辑
教育培训,双语简历模板,Word版,教育培训双语简历模板Word版
教育培训,双语简历模板,PDF版,教育培训双语简历模板PDF版
教育培训,双语简历模板,一页式,教育培训双语简历模板一页式
教育培训,双语简历模板,ATS友好,教育培训双语简历模板ATS友好
外贸业务,双语简历模板,可编辑,外贸业务双语简历模板可编辑
外贸业务,双语简历模板,Word版,外贸业务双语简历模板Word版
外贸业务,双语简历模板,PDF版,外贸业务双语简历模板PDF版
外贸业务,双语简历模板,一页式,外贸业务双语简历模板一页式
外贸业务,双语简历模板,ATS友好,外贸业务双语简历模板ATS友好
互联网,创意简历模板,可编辑,互联网创意简历模板可编辑
互联网,创意简历模板,Word版,互联网创意简历模板Word版
互联网,创意简历模板,PDF版,互联网创意简历模板PDF版
互联网,创意简历模板,一页式,互联网创意简历模板一页式
互联网,创意简历模板,ATS友好,互联网创意简历模板ATS友好
产品经理,创意简历模板,可编辑,产品经理创意简历模板可编辑
产品经理,创意简历模板,Word版,产品经理创意简历模板Word版
产品经理,创意简历模板,PDF版,产品经理创意简历模板PDF版
产品经理,创意简历模板,一页式,产品经理创意简历模板一页式
产品经理,创意简历模板,ATS友好,产品经理创意简历模板ATS友好
UI设计,创意简历模板,可编辑,UI设计创意简历模板可编辑
UI设计,创意简历模板,Word版,UI设计创意简历模板Word版
UI设计,创意简历模板,PDF版,UI设计创意简历模板PDF版
UI设计,创意简历模板,一页式,UI设计创意简历模板一页式
UI设计,创意简历模板,ATS友好,UI设计创意简历模板ATS友好
前端开发,创意简历模板,可编辑,前端开发创意简历模板可编辑
前端开发,创意简历模板,Word版,前端开发创意简历模板Word版
前端开发,创意简历模板,PDF版,前端开发创意简历模板PDF版
前端开发,创意简历模板,一页式,前端开发创意简历模板一页式
前端开发,创意简历模板,ATS友好,前端开发创意简历模板ATS友好
后端开发,创意简历模板,可编辑,后端开发创意简历模板可编辑
后端开发,创意简历模板,Word版,后端开发创意简历模板Word版
后端开发,创意简历模板,PDF版,后端开发创意简历模板PDF版
后端开发,创意简历模板,一页式,后端开发创意简历模板一页式
后端开发,创意简历模板,ATS友好,后端开发创意简历模板ATS友好
数据分析,创意简历模板,可编辑,数据分析创意简历模板可编辑
数据分析,创意简历模板,Word版,数据分析创意简历模板Word版
数据分析,创意简历模板,PDF版,数据分析创意简历模板PDF版
数据分析,创意简历模板,一页式,数据分析创意简历模板一页式
数据分析,创意简历模板,ATS友好,数据分析创意简历模板ATS友好
新媒体运营,创意简历模板,可编辑,新媒体运营创意简历模板可编辑
新媒体运营,创意简历模板,Word版,新媒体运营创意简历模板Word版
新媒体运营,创意简历模板,PDF版,新媒体运营创意简历模板PDF版
新媒体运营,创意简历模板,一页式,新媒体运营创意简历模板一页式
新媒体运营,创意简历模板,ATS友好,新媒体运营创意简历模板ATS友好
市场营销,创意简历模板,可编辑,市场营销创意简历模板可编辑
市场营销,创意简历模板,Word版,市场营销创意简历模板Word版
市场营销,创意简历模板,PDF版,市场营销创意简历模板PDF版
市场营销,创意简历模板,一页式,市场营销创意简历模板一页式
市场营销,创意简历模板,ATS友好,市场营销创意简历模板ATS友好
电商运营,创意简历模板,可编辑,电商运营创意简历模板可编辑
电商运营,创意简历模板,Word版,电商运营创意简历模板Word版
电商运营,创意简历模板,PDF版,电商运营创意简历模板PDF版
电商运营,创意简历模板,一页式,电商运营创意简历模板一页式
电商运营,创意简历模板,ATS友好,电商运营创意简历模板ATS友好
人力资源,创意简历模板,可编辑,人力资源创意简历模板可编辑
人力资源,创意简历模板,Word版,人力资源创意简历模板Word版
人力资源,创意简历模板,PDF版,人力资源创意简历模板PDF版
人力资源,创意简历模板,一页式,人力资源创意简历模板一页式
人力资源,创意简历模板,ATS友好,人力资源创意简历模板ATS友好
财务会计,创意简历模板,可编辑,财务会计创意简历模板可编辑
财务会计,创意简历模板,Word版,财务会计创意简历模板Word版
财务会计,创意简历模板,PDF版,财务会计创意简历模板PDF版
财务会计,创意简历模板,一页式,财务会计创意简历模板一页式
财务会计,创意简历模板,ATS友好,财务会计创意简历模板ATS友好
行政文员,创意简历模板,可编辑,行政文员创意简历模板可编辑
行政文员,创意简历模板,Word版,行政文员创意简历模板Word版
行政文员,创意简历模板,PDF版,行政文员创意简历模板PDF版
行政文员,创意简历模板,一页式,行政文员创意简历模板一页式
行政文员,创意简历模板,ATS友好,行政文员创意简历模板ATS友好
销售顾问,创意简历模板,可编辑,销售顾问创意简历模板可编辑
销售顾问,创意简历模板,Word版,销售顾问创意简历模板Word版
销售顾问,创意简历模板,PDF版,销售顾问创意简历模板PDF版
销售顾问,创意简历模板,一页式,销售顾问创意简历模板一页式
销售顾问,创意简历模板,ATS友好,销售顾问创意简历模板ATS友好
客服专员,创意简历模板,可编辑,客服专员创意简历模板可编辑
客服专员,创意简历模板,Word版,客服专员创意简历模板Word版
客服专员,创意简历模板,PDF版,客服专员创意简历模板PDF版
客服专员,创意简历模板,一页式,客服专员创意简历模板一页式
客服专员,创意简历模板,ATS友好,客服专员创意简历模板ATS友好
项目管理,创意简历模板,可编辑,项目管理创意简历模板可编辑
项目管理,创意简历模板,Word版,项目管理创意简历模板Word版
项目管理,创意简历模板,PDF版,项目管理创意简历模板PDF版
项目管理,创意简历模板,一页式,项目管理创意简历模板一页式
项目管理,创意简历模板,ATS友好,项目管理创意简历模板ATS友好
机械工程,创意简历模板,可编辑,机械工程创意简历模板可编辑
机械工程,创意简历模板,Word版,机械工程创意简历模板Word版
机械工程,创意简历模板,PDF版,机械工程创意简历模板PDF版
机械工程,创意简历模板,一页式,机械工程创意简历模板一页式
机械工程,创意简历模板,ATS友好,机械工程创意简历模板ATS友好
土木工程,创意简历模板,可编辑,土木工程创意简历模板可编辑
土木工程,创意简历模板,Word版,土木工程创意简历模板Word版
土木工程,创意简历模板,PDF版,土木工程创意简历模板PDF版
土木工程,创意简历模板,一页式,土木工程创意简历模板一页式
土木工程,创意简历模板,ATS友好,土木工程创意简历模板ATS友好
生物医药,创意简历模板,可编辑,生物医药创意简历模板可编辑
生物医药,创意简历模板,Word版,生物医药创意简历模板Word版
生物医药,创意简历模板,PDF版,生物医药创意简历模板PDF版
生物医药,创意简历模板,一页式,生物医药创意简历模板一页式
生物医药,创意简历模板,ATS友好,生物医药创意简历模板ATS友好
教育培训,创意简历模板,可编辑,教育培训创意简历模板可编辑
教育培训,创意简历模板,Word版,教育培训创意简历模板Word版
教育培训,创意简历模板,PDF版,教育培训创意简历模板PDF版
教育培训,创意简历模板,一页式,教育培训创意简历模板一页式
教育培训,创意简历模板,ATS友好,教育培训创意简历模板ATS友好
外贸业务,创意简历模板,可编辑,外贸业务创意简历模板可编辑
外贸业务,创意简历模板,Word版,外贸业务创意简历模板Word版
外贸业务,创意简历模板,PDF版,外贸业务创意简历模板PDF版
外贸业务,创意简历模板,一页式,外贸业务创意简历模板一页式
外贸业务,创意简历模板,ATS友好,外贸业务创意简历模板ATS友好
互联网,极简简历模板,可编辑,互联网极简简历模板可编辑
互联网,极简简历模板,Word版,互联网极简简历模板Word版
互联网,极简简历模板,PDF版,互联网极简简历模板PDF版
互联网,极简简历模板,一页式,互联网极简简历模板一页式
互联网,极简简历模板,ATS友好,互联网极简简历模板ATS友好
产品经理,极简简历模板,可编辑,产品经理极简简历模板可编辑
产品经理,极简简历模板,Word版,产品经理极简简历模板Word版
产品经理,极简简历模板,PDF版,产品经理极简简历模板PDF版
产品经理,极简简历模板,一页式,产品经理极简简历模板一页式
产品经理,极简简历模板,ATS友好,产品经理极简简历模板ATS友好
UI设计,极简简历模板,可编辑,UI设计极简简历模板可编辑
UI设计,极简简历模板,Word版,UI设计极简简历模板Word版
UI设计,极简简历模板,PDF版,UI设计极简简历模板PDF版
UI设计,极简简历模板,一页式,UI设计极简简历模板一页式
UI设计,极简简历模板,ATS友好,UI设计极简简历模板ATS友好
前端开发,极简简历模板,可编辑,前端开发极简简历模板可编辑
前端开发,极简简历模板,Word版,前端开发极简简历模板Word版
前端开发,极简简历模板,PDF版,前端开发极简简历模板PDF版
前端开发,极简简历模板,一页式,前端开发极简简历模板一页式
前端开发,极简简历模板,ATS友好,前端开发极简简历模板ATS友好
后端开发,极简简历模板,可编辑,后端开发极简简历模板可编辑
后端开发,极简简历模板,Word版,后端开发极简简历模板Word版
后端开发,极简简历模板,PDF版,后端开发极简简历模板PDF版
后端开发,极简简历模板,一页式,后端开发极简简历模板一页式
后端开发,极简简历模板,ATS友好,后端开发极简简历模板ATS友好
数据分析,极简简历模板,可编辑,数据分析极简简历模板可编辑
数据分析,极简简历模板,Word版,数据分析极简简历模板Word版
数据分析,极简简历模板,PDF版,数据分析极简简历模板PDF版
数据分析,极简简历模板,一页式,数据分析极简简历模板一页式
数据分析,极简简历模板,ATS友好,数据分析极简简历模板ATS友好
新媒体运营,极简简历模板,可编辑,新媒体运营极简简历模板可编辑
新媒体运营,极简简历模板,Word版,新媒体运营极简简历模板Word版
新媒体运营,极简简历模板,PDF版,新媒体运营极简简历模板PDF版
新媒体运营,极简简历模板,一页式,新媒体运营极简简历模板一页式
新媒体运营,极简简历模板,ATS友好,新媒体运营极简简历模板ATS友好
市场营销,极简简历模板,可编辑,市场营销极简简历模板可编辑
市场营销,极简简历模板,Word版,市场营销极简简历模板Word版
市场营销,极简简历模板,PDF版,市场营销极简简历模板PDF版
市场营销,极简简历模板,一页式,市场营销极简简历模板一页式
市场营销,极简简历模板,ATS友好,市场营销极简简历模板ATS友好
电商运营,极简简历模板,可编辑,电商运营极简简历模板可编辑
电商运营,极简简历模板,Word版,电商运营极简简历模板Word版
电商运营,极简简历模板,PDF版,电商运营极简简历模板PDF版
电商运营,极简简历模板,一页式,电商运营极简简历模板一页式
电商运营,极简简历模板,ATS友好,电商运营极简简历模板ATS友好
人力资源,极简简历模板,可编辑,人力资源极简简历模板可编辑
人力资源,极简简历模板,Word版,人力资源极简简历模板Word版
人力资源,极简简历模板,PDF版,人力资源极简简历模板PDF版
人力资源,极简简历模板,一页式,人力资源极简简历模板一页式
人力资源,极简简历模板,ATS友好,人力资源极简简历模板ATS友好
财务会计,极简简历模板,可编辑,财务会计极简简历模板可编辑
财务会计,极简简历模板,Word版,财务会计极简简历模板Word版
财务会计,极简简历模板,PDF版,财务会计极简简历模板PDF版
财务会计,极简简历模板,一页式,财务会计极简简历模板一页式
财务会计,极简简历模板,ATS友好,财务会计极简简历模板ATS友好
行政文员,极简简历模板,可编辑,行政文员极简简历模板可编辑
行政文员,极简简历模板,Word版,行政文员极简简历模板Word版
行政文员,极简简历模板,PDF版,行政文员极简简历模板PDF版
行政文员,极简简历模板,一页式,行政文员极简简历模板一页式
行政文员,极简简历模板,ATS友好,行政文员极简简历模板ATS友好
销售顾问,极简简历模板,可编辑,销售顾问极简简历模板可编辑
销售顾问,极简简历模板,Word版,销售顾问极简简历模板Word版
销售顾问,极简简历模板,PDF版,销售顾问极简简历模板PDF版
销售顾问,极简简历模板,一页式,销售顾问极简简历模板一页式
销售顾问,极简简历模板,ATS友好,销售顾问极简简历模板ATS友好
客服专员,极简简历模板,可编辑,客服专员极简简历模板可编辑
客服专员,极简简历模板,Word版,客服专员极简简历模板Word版
客服专员,极简简历模板,PDF版,客服专员极简简历模板PDF版
客服专员,极简简历模板,一页式,客服专员极简简历模板一页式
客服专员,极简简历模板,ATS友好,客服专员极简简历模板ATS友好
项目管理,极简简历模板,可编辑,项目管理极简简历模板可编辑
项目管理,极简简历模板,Word版,项目管理极简简历模板Word版
项目管理,极简简历模板,PDF版,项目管理极简简历模板PDF版
项目管理,极简简历模板,一页式,项目管理极简简历模板一页式
项目管理,极简简历模板,ATS友好,项目管理极简简历模板ATS友好
机械工程,极简简历模板,可编辑,机械工程极简简历模板可编辑
机械工程,极简简历模板,Word版,机械工程极简简历模板Word版
机械工程,极简简历模板,PDF版,机械工程极简简历模板PDF版
机械工程,极简简历模板,一页式,机械工程极简简历模板一页式
机械工程,极简简历模板,ATS友好,机械工程极简简历模板ATS友好
土木工程,极简简历模板,可编辑,土木工程极简简历模板可编辑
土木工程,极简简历模板,Word版,土木工程极简简历模板Word版
土木工程,极简简历模板,PDF版,土木工程极简简历模板PDF版
土木工程,极简简历模板,一页式,土木工程极简简历模板一页式
土木工程,极简简历模板,ATS友好,土木工程极简简历模板ATS友好
生物医药,极简简历模板,可编辑,生物医药极简简历模板可编辑
生物医药,极简简历模板,Word版,生物医药极简简历模板Word版
生物医药,极简简历模板,PDF版,生物医药极简简历模板PDF版
生物医药,极简简历模板,一页式,生物医药极简简历模板一页式
生物医药,极简简历模板,ATS友好,生物医药极简简历模板ATS友好
教育培训,极简简历模板,可编辑,教育培训极简简历模板可编辑
教育培训,极简简历模板,Word版,教育培训极简简历模板Word版
教育培训,极简简历模板,PDF版,教育培训极简简历模板PDF版
教育培训,极简简历模板,一页式,教育培训极简简历模板一页式
教育培训,极简简历模板,ATS友好,教育培训极简简历模板ATS友好
外贸业务,极简简历模板,可编辑,外贸业务极简简历模板可编辑
外贸业务,极简简历模板,Word版,外贸业务极简简历模板Word版
外贸业务,极简简历模板,PDF版,外贸业务极简简历模板PDF版
外贸业务,极简简历模板,一页式,外贸业务极简简历模板一页式
外贸业务,极简简历模板,ATS友好,外贸业务极简简历模板ATS友好
互联网,免费简历模板,可编辑,互联网免费简历模板可编辑
互联网,免费简历模板,Word版,互联网免费简历模板Word版
互联网,免费简历模板,PDF版,互联网免费简历模板PDF版
互联网,免费简历模板,一页式,互联网免费简历模板一页式
互联网,免费简历模板,ATS友好,互联网免费简历模板ATS友好
产品经理,免费简历模板,可编辑,产品经理免费简历模板可编辑
产品经理,免费简历模板,Word版,产品经理免费简历模板Word版
产品经理,免费简历模板,PDF版,产品经理免费简历模板PDF版
产品经理,免费简历模板,一页式,产品经理免费简历模板一页式
产品经理,免费简历模板,ATS友好,产品经理免费简历模板ATS友好
UI设计,免费简历模板,可编辑,UI设计免费简历模板可编辑
UI设计,免费简历模板,Word版,UI设计免费简历模板Word版
UI设计,免费简历模板,PDF版,UI设计免费简历模板PDF版
UI设计,免费简历模板,一页式,UI设计免费简历模板一页式
UI设计,免费简历模板,ATS友好,UI设计免费简历模板ATS友好
前端开发,免费简历模板,可编辑,前端开发免费简历模板可编辑
前端开发,免费简历模板,Word版,前端开发免费简历模板Word版
前端开发,免费简历模板,PDF版,前端开发免费简历模板PDF版
前端开发,免费简历模板,一页式,前端开发免费简历模板一页式
前端开发,免费简历模板,ATS友好,前端开发免费简历模板ATS友好
后端开发,免费简历模板,可编辑,后端开发免费简历模板可编辑
后端开发,免费简历模板,Word版,后端开发免费简历模板Word版
后端开发,免费简历模板,PDF版,后端开发免费简历模板PDF版
后端开发,免费简历模板,一页式,后端开发免费简历模板一页式
后端开发,免费简历模板,ATS友好,后端开发免费简历模板ATS友好
数据分析,免费简历模板,可编辑,数据分析免费简历模板可编辑
数据分析,免费简历模板,Word版,数据分析免费简历模板Word版
数据分析,免费简历模板,PDF版,数据分析免费简历模板PDF版
数据分析,免费简历模板,一页式,数据分析免费简历模板一页式
数据分析,免费简历模板,ATS友好,数据分析免费简历模板ATS友好
新媒体运营,免费简历模板,可编辑,新媒体运营免费简历模板可编辑
新媒体运营,免费简历模板,Word版,新媒体运营免费简历模板Word版
新媒体运营,免费简历模板,PDF版,新媒体运营免费简历模板PDF版
新媒体运营,免费简历模板,一页式,新媒体运营免费简历模板一页式
新媒体运营,免费简历模板,ATS友好,新媒体运营免费简历模板ATS友好
市场营销,免费简历模板,可编辑,市场营销免费简历模板可编辑
市场营销,免费简历模板,Word版,市场营销免费简历模板Word版
市场营销,免费简历模板,PDF版,市场营销免费简历模板PDF版
市场营销,免费简历模板,一页式,市场营销免费简历模板一页式
市场营销,免费简历模板,ATS友好,市场营销免费简历模板ATS友好
电商运营,免费简历模板,可编辑,电商运营免费简历模板可编辑
电商运营,免费简历模板,Word版,电商运营免费简历模板Word版
电商运营,免费简历模板,PDF版,电商运营免费简历模板PDF版
电商运营,免费简历模板,一页式,电商运营免费简历模板一页式
电商运营,免费简历模板,ATS友好,电商运营免费简历模板ATS友好
人力资源,免费简历模板,可编辑,人力资源免费简历模板可编辑
人力资源,免费简历模板,Word版,人力资源免费简历模板Word版
人力资源,免费简历模板,PDF版,人力资源免费简历模板PDF版
人力资源,免费简历模板,一页式,人力资源免费简历模板一页式
人力资源,免费简历模板,ATS友好,人力资源免费简历模板ATS友好
财务会计,免费简历模板,可编辑,财务会计免费简历模板可编辑
财务会计,免费简历模板,Word版,财务会计免费简历模板Word版
财务会计,免费简历模板,PDF版,财务会计免费简历模板PDF版
财务会计,免费简历模板,一页式,财务会计免费简历模板一页式
财务会计,免费简历模板,ATS友好,财务会计免费简历模板ATS友好
行政文员,免费简历模板,可编辑,行政文员免费简历模板可编辑
行政文员,免费简历模板,Word版,行政文员免费简历模板Word版
行政文员,免费简历模板,PDF版,行政文员免费简历模板PDF版
行政文员,免费简历模板,一页式,行政文员免费简历模板一页式
行政文员,免费简历模板,ATS友好,行政文员免费简历模板ATS友好
销售顾问,免费简历模板,可编辑,销售顾问免费简历模板可编辑
销售顾问,免费简历模板,Word版,销售顾问免费简历模板Word版
销售顾问,免费简历模板,PDF版,销售顾问免费简历模板PDF版
销售顾问,免费简历模板,一页式,销售顾问免费简历模板一页式
销售顾问,免费简历模板,ATS友好,销售顾问免费简历模板ATS友好
客服专员,免费简历模板,可编辑,客服专员免费简历模板可编辑
客服专员,免费简历模板,Word版,客服专员免费简历模板Word版
客服专员,免费简历模板,PDF版,客服专员免费简历模板PDF版
客服专员,免费简历模板,一页式,客服专员免费简历模板一页式
客服专员,免费简历模板,ATS友好,客服专员免费简历模板ATS友好
项目管理,免费简历模板,可编辑,项目管理免费简历模板可编辑
项目管理,免费简历模板,Word版,项目管理免费简历模板Word版
项目管理,免费简历模板,PDF版,项目管理免费简历模板PDF版
项目管理,免费简历模板,一页式,项目管理免费简历模板一页式
项目管理,免费简历模板,ATS友好,项目管理免费简历模板ATS友好
机械工程,免费简历模板,可编辑,机械工程免费简历模板可编辑
机械工程,免费简历模板,Word版,机械工程免费简历模板Word版
机械工程,免费简历模板,PDF版,机械工程免费简历模板PDF版
机械工程,免费简历模板,一页式,机械工程免费简历模板一页式
机械工程,免费简历模板,ATS友好,机械工程免费简历模板ATS友好
土木工程,免费简历模板,可编辑,土木工程免费简历模板可编辑
土木工程,免费简历模板,Word版,土木工程免费简历模板Word版
土木工程,免费简历模板,PDF版,土木工程免费简历模板PDF版
土木工程,免费简历模板,一页式,土木工程免费简历模板一页式
土木工程,免费简历模板,ATS友好,土木工程免费简历模板ATS友好
生物医药,免费简历模板,可编辑,生物医药免费简历模板可编辑
生物医药,免费简历模板,Word版,生物医药免费简历模板Word版
生物医药,免费简历模板,PDF版,生物医药免费简历模板PDF版
生物医药,免费简历模板,一页式,生物医药免费简历模板一页式
生物医药,免费简历模板,ATS友好,生物医药免费简历模板ATS友好
教育培训,免费简历模板,可编辑,教育培训免费简历模板可编辑
教育培训,免费简历模板,Word版,教育培训免费简历模板Word版
教育培训,免费简历模板,PDF版,教育培训免费简历模板PDF版
教育培训,免费简历模板,一页式,教育培训免费简历模板一页式
教育培训,免费简历模板,ATS友好,教育培训免费简历模板ATS友好
外贸业务,免费简历模板,可编辑,外贸业务免费简历模板可编辑
外贸业务,免费简历模板,Word版,外贸业务免费简历模板Word版
外贸业务,免费简历模板,PDF版,外贸业务免费简历模板PDF版
外贸业务,免费简历模板,一页式,外贸业务免费简历模板一页式
外贸业务,免费简历模板,ATS友好,外贸业务免费简历模板ATS友好
