id,keyword,slug,industry,base,style
1,互联网简历模板可编辑,resume-1-互联网简历模板可编辑,互联网,简历模板,可编辑
2,互联网简历模板Word版,resume-2-互联网简历模板word版,互联网,简历模板,Word版
3,互联网简历模板PDF版,resume-3-互联网简历模板pdf版,互联网,简历模板,PDF版
4,互联网简历模板一页式,resume-4-互联网简历模板一页式,互联网,简历模板,一页式
5,互联网简历模板ATS友好,resume-5-互联网简历模板ats友好,互联网,简历模板,ATS友好
6,产品经理简历模板可编辑,resume-6-产品经理简历模板可编辑,产品经理,简历模板,可编辑
7,产品经理简历模板Word版,resume-7-产品经理简历模板word版,产品经理,简历模板,Word版
8,产品经理简历模板PDF版,resume-8-产品经理简历模板pdf版,产品经理,简历模板,PDF版
9,产品经理简历模板一页式,resume-9-产品经理简历模板一页式,产品经理,简历模板,一页式
10,产品经理简历模板ATS友好,resume-10-产品经理简历模板ats友好,产品经理,简历模板,ATS友好
11,UI设计简历模板可编辑,resume-11-ui设计简历模板可编辑,UI设计,简历模板,可编辑
12,UI设计简历模板Word版,resume-12-ui设计简历模板word版,UI设计,简历模板,Word版
13,UI设计简历模板PDF版,resume-13-ui设计简历模板pdf版,UI设计,简历模板,PDF版
14,UI设计简历模板一页式,resume-14-ui设计简历模板一页式,UI设计,简历模板,一页式
15,UI设计简历模板ATS友好,resume-15-ui设计简历模板ats友好,UI设计,简历模板,ATS友好
16,前端开发简历模板可编辑,resume-16-前端开发简历模板可编辑,前端开发,简历模板,可编辑
17,前端开发简历模板Word版,resume-17-前端开发简历模板word版,前端开发,简历模板,Word版
18,前端开发简历模板PDF版,resume-18-前端开发简历模板pdf版,前端开发,简历模板,PDF版
19,前端开发简历模板一页式,resume-19-前端开发简历模板一页式,前端开发,简历模板,一页式
20,前端开发简历模板ATS友好,resume-20-前端开发简历模板ats友好,前端开发,简历模板,ATS友好
21,后端开发简历模板可编辑,resume-21-后端开发简历模板可编辑,后端开发,简历模板,可编辑
22,后端开发简历模板Word版,resume-22-后端开发简历模板word版,后端开发,简历模板,Word版
23,后端开发简历模板PDF版,resume-23-后端开发简历模板pdf版,后端开发,简历模板,PDF版
24,后端开发简历模板一页式,resume-24-后端开发简历模板一页式,后端开发,简历模板,一页式
25,后端开发简历模板ATS友好,resume-25-后端开发简历模板ats友好,后端开发,简历模板,ATS友好
26,数据分析简历模板可编辑,resume-26-数据分析简历模板可编辑,数据分析,简历模板,可编辑
27,数据分析简历模板Word版,resume-27-数据分析简历模板word版,数据分析,简历模板,Word版
28,数据分析简历模板PDF版,resume-28-数据分析简历模板pdf版,数据分析,简历模板,PDF版
29,数据分析简历模板一页式,resume-29-数据分析简历模板一页式,数据分析,简历模板,一页式
30,数据分析简历模板ATS友好,resume-30-数据分析简历模板ats友好,数据分析,简历模板,ATS友好
31,新媒体运营简历模板可编辑,resume-31-新媒体运营简历模板可编辑,新媒体运营,简历模板,可编辑
32,新媒体运营简历模板Word版,resume-32-新媒体运营简历模板word版,新媒体运营,简历模板,Word版
33,新媒体运营简历模板PDF版,resume-33-新媒体运营简历模板pdf版,新媒体运营,简历模板,PDF版
34,新媒体运营简历模板一页式,resume-34-新媒体运营简历模板一页式,新媒体运营,简历模板,一页式
35,新媒体运营简历模板ATS友好,resume-35-新媒体运营简历模板ats友好,新媒体运营,简历模板,ATS友好
36,市场营销简历模板可编辑,resume-36-市场营销简历模板可编辑,市场营销,简历模板,可编辑
37,市场营销简历模板Word版,resume-37-市场营销简历模板word版,市场营销,简历模板,Word版
38,市场营销简历模板PDF版,resume-38-市场营销简历模板pdf版,市场营销,简历模板,PDF版
39,市场营销简历模板一页式,resume-39-市场营销简历模板一页式,市场营销,简历模板,一页式
40,市场营销简历模板ATS友好,resume-40-市场营销简历模板ats友好,市场营销,简历模板,ATS友好
41,电商运营简历模板可编辑,resume-41-电商运营简历模板可编辑,电商运营,简历模板,可编辑
42,电商运营简历模板Word版,resume-42-电商运营简历模板word版,电商运营,简历模板,Word版
43,电商运营简历模板PDF版,resume-43-电商运营简历模板pdf版,电商运营,简历模板,PDF版
44,电商运营简历模板一页式,resume-44-电商运营简历模板一页式,电商运营,简历模板,一页式
45,电商运营简历模板ATS友好,resume-45-电商运营简历模板ats友好,电商运营,简历模板,ATS友好
46,人力资源简历模板可编辑,resume-46-人力资源简历模板可编辑,人力资源,简历模板,可编辑
47,人力资源简历模板Word版,resume-47-人力资源简历模板word版,人力资源,简历模板,Word版
48,人力资源简历模板PDF版,resume-48-人力资源简历模板pdf版,人力资源,简历模板,PDF版
49,人力资源简历模板一页式,resume-49-人力资源简历模板一页式,人力资源,简历模板,一页式
50,人力资源简历模板ATS友好,resume-50-人力资源简历模板ats友好,人力资源,简历模板,ATS友好
51,财务会计简历模板可编辑,resume-51-财务会计简历模板可编辑,财务会计,简历模板,可编辑
52,财务会计简历模板Word版,resume-52-财务会计简历模板word版,财务会计,简历模板,Word版
53,财务会计简历模板PDF版,resume-53-财务会计简历模板pdf版,财务会计,简历模板,PDF版
54,财务会计简历模板一页式,resume-54-财务会计简历模板一页式,财务会计,简历模板,一页式
55,财务会计简历模板ATS友好,resume-55-财务会计简历模板ats友好,财务会计,简历模板,ATS友好
56,行政文员简历模板可编辑,resume-56-行政文员简历模板可编辑,行政文员,简历模板,可编辑
57,行政文员简历模板Word版,resume-57-行政文员简历模板word版,行政文员,简历模板,Word版
58,行政文员简历模板PDF版,resume-58-行政文员简历模板pdf版,行政文员,简历模板,PDF版
59,行政文员简历模板一页式,resume-59-行政文员简历模板一页式,行政文员,简历模板,一页式
60,行政文员简历模板ATS友好,resume-60-行政文员简历模板ats友好,行政文员,简历模板,ATS友好
